,County,City,Incorportation_date,pop_april_1980,pop_april_1990,pop_april_2000,pop_april_2010,Latitude,Longitude,Total_Pop
0,San Bernardino,Adelanto,1970,2164.0,8517.0,18130.0,31765.0,34.582769,-117.409214,60576.0
2,Alameda,Alameda,1854,63852.0,76459.0,72259.0,73812.0,37.765206,-122.241636,286382.0
3,Alameda,Albany,1908,15130.0,16327.0,16444.0,18539.0,37.886869,-122.297747,66440.0
4,Los Angeles,Alhambra,1903,64767.0,82106.0,85804.0,83089.0,34.095286,-118.127014,315766.0
5,Modoc,Alturas,1901,3025.0,3231.0,2892.0,2827.0,41.487114,-120.542456,11975.0
6,Amador,Amador City,1915,136.0,196.0,196.0,185.0,38.419356,-120.824103,713.0
7,Orange,Anaheim,1876,219494.0,266406.0,328014.0,336265.0,33.835292,-117.914503,1150179.0
8,Shasta,Anderson,1956,7381.0,8299.0,9022.0,9932.0,40.448208,-122.297783,34634.0
9,Calaveras,Angels,1912,2302.0,2409.0,3004.0,3836.0,38.067783,-120.538531,11551.0
10,Contra Costa,Antioch,1872,42683.0,62195.0,90532.0,102372.0,38.004922,-121.805789,297782.0
12,Los Angeles,Arcadia,1903,45993.0,48290.0,53054.0,56364.0,34.139728,-118.035344,203701.0
13,Humboldt,Arcata,1858,12850.0,15197.0,16651.0,17231.0,40.866517,-124.082839,61929.0
14,San Luis Obispo,Arroyo Grande,1911,11290.0,14378.0,15851.0,17252.0,35.118586,-120.590725,58771.0
15,Los Angeles,Artesia,1959,14301.0,15464.0,16380.0,16522.0,33.865847,-118.083122,62667.0
16,Kern,Arvin,1960,6863.0,9286.0,12956.0,19304.0,35.2018,-118.833106,48409.0
17,San Luis Obispo,Atascadero,1979,16232.0,23138.0,26411.0,28310.0,35.489417,-120.670725,94091.0
19,Merced,Atwater,1922,17530.0,22282.0,23113.0,28168.0,37.347717,-120.609083,91093.0
20,Placer,Auburn,1888,7540.0,10592.0,12462.0,13330.0,38.896564,-121.076889,43924.0
21,Los Angeles,Avalon,1913,2022.0,2918.0,3127.0,3728.0,33.342819,-118.328228,11795.0
22,Kings,Avenal,1979,4137.0,9770.0,14674.0,15505.0,36.004122,-120.129028,44086.0
23,Los Angeles,Azusa,1898,29380.0,41333.0,44712.0,46361.0,34.133619,-117.907564,161786.0
24,Kern,Bakersfield,1873,105611.0,174820.0,246889.0,347483.0,35.373292,-119.018711,874803.0
25,Los Angeles,Baldwin Park,1956,50554.0,69330.0,75837.0,75390.0,34.085286,-117.960897,271111.0
26,Riverside,Banning,1913,14020.0,20570.0,23562.0,29603.0,33.925572,-116.876411,87755.0
27,San Bernardino,Barstow,1947,17690.0,21472.0,21119.0,22639.0,34.895797,-117.017283,82920.0
28,Riverside,Beaumont,1912,6818.0,9685.0,11384.0,36877.0,33.929461,-116.977247,64764.0
29,Los Angeles,Bell,1927,25450.0,34365.0,36664.0,35477.0,33.977514,-118.187017,131956.0
30,Los Angeles,Bell Gardens,1961,34117.0,42355.0,44054.0,42072.0,33.965292,-118.151458,162598.0
31,Los Angeles,Bellflower,1957,53441.0,61815.0,72878.0,76616.0,33.881683,-118.117011,264750.0
32,San Mateo,Belmont,1926,24505.0,24127.0,25123.0,25835.0,37.520214,-122.2758,99590.0
33,Marin,Belvedere,1896,2401.0,2147.0,2125.0,2068.0,37.872703,-122.464417,8741.0
35,Alameda,Berkeley,1878,103328.0,102724.0,102743.0,112580.0,37.871592,-122.272747,421375.0
36,Los Angeles,Beverly Hills,1914,32646.0,31971.0,33784.0,34109.0,34.073619,-118.400356,132510.0
38,Butte,Biggs,1903,1413.0,1581.0,1793.0,1707.0,39.412389,-121.71275,6494.0
39,Inyo,Bishop,1903,3333.0,3475.0,3575.0,3879.0,37.363539,-118.395111,14262.0
40,Humboldt,Blue Lake,1910,1201.0,1235.0,1135.0,1253.0,40.882908,-123.98395,4824.0
41,Riverside,Blythe,1916,6805.0,8428.0,20463.0,20817.0,33.617233,-114.589175,56513.0
42,Los Angeles,Bradbury,1957,846.0,829.0,855.0,1048.0,34.14695,-117.970897,3578.0
43,Imperial,Brawley,1908,14946.0,18923.0,22052.0,24953.0,32.978658,-115.530267,80874.0
44,Orange,Brea,1917,27913.0,32873.0,35410.0,39282.0,33.916681,-117.900061,135478.0
45,Contra Costa,Brentwood,1948,4434.0,7563.0,23302.0,51481.0,34.057361,-118.480511,86780.0
46,San Mateo,Brisbane,1961,2969.0,2952.0,3597.0,4282.0,37.680767,-122.399972,13800.0
47,Orange,Buena Park,1953,64165.0,68784.0,78282.0,80530.0,33.867514,-117.998117,291761.0
48,Los Angeles,Burbank,1911,84625.0,93643.0,100316.0,103340.0,34.180839,-118.308967,381924.0
49,San Mateo,Burlingame,1908,26173.0,26801.0,28158.0,28806.0,37.584103,-122.366083,109938.0
50,Imperial,Calexico,1908,14412.0,18633.0,27109.0,38572.0,32.678947,-115.498883,98726.0
51,Kern,California City,1965,2743.0,5955.0,8385.0,14120.0,35.1258,-117.985903,31203.0
52,Imperial,Calipatria,1919,2636.0,2690.0,7289.0,7705.0,33.125597,-115.514153,20320.0
53,Napa,Calistoga,1886,3879.0,4468.0,5190.0,5155.0,38.578797,-122.579706,18692.0
54,Ventura,Camarillo,1964,37797.0,52303.0,57077.0,65201.0,34.216394,-119.037603,212378.0
55,Santa Clara,Campbell,1952,26910.0,36048.0,38138.0,39349.0,37.287164,-121.949958,140445.0
56,Santa Cruz,Capitola,1949,9095.0,10171.0,10033.0,9918.0,36.975228,-121.953292,39217.0
57,San Diego,Carlsbad,1952,35490.0,63126.0,78247.0,105328.0,33.158092,-117.350594,282191.0
59,Santa Barbara,Carpinteria,1965,10835.0,13747.0,14194.0,13040.0,34.398883,-119.518456,51816.0
60,Los Angeles,Carson,1968,81221.0,83995.0,89730.0,91714.0,33.831406,-118.282017,346660.0
62,Stanislaus,Ceres,1918,13281.0,26314.0,34609.0,45417.0,37.594933,-120.957711,119621.0
63,Los Angeles,Cerritos,1956,53020.0,53240.0,51488.0,49041.0,33.858347,-118.064786,206789.0
64,Butte,Chico,1872,26716.0,40079.0,60516.0,86187.0,39.728494,-121.837478,213498.0
65,San Bernardino,Chino,1910,40165.0,59682.0,67168.0,77983.0,34.012236,-117.688944,244998.0
66,Madera,Chowchilla,1923,5122.0,5930.0,14416.0,18720.0,37.123,-120.260175,44188.0
67,San Diego,Chula Vista,1911,35490.0,63126.0,173556.0,243916.0,32.640053,-117.084197,516088.0
68,Los Angeles,Claremont,1907,31028.0,32503.0,33998.0,34926.0,34.096675,-117.719778,132455.0
69,Contra Costa,Clayton,1964,4325.0,7317.0,10762.0,10897.0,37.941033,-121.935792,33301.0
70,Sonoma,Cloverdale,1872,3989.0,4924.0,6831.0,8618.0,38.805461,-123.017222,24362.0
71,Fresno,Clovis,1912,33021.0,50323.0,68468.0,95631.0,36.825228,-119.702919,247443.0
72,Riverside,Coachella,1946,9129.0,16896.0,22724.0,40704.0,33.6803,-116.173894,89453.0
73,Fresno,Coalinga,1906,6593.0,8212.0,16213.0,13380.0,36.139678,-120.36015,44398.0
74,Placer,Colfax,1910,981.0,1306.0,1496.0,1963.0,39.100731,-120.953275,5746.0
76,San Bernardino,Colton,1887,21310.0,40213.0,47662.0,52154.0,34.073903,-117.313656,161339.0
77,Colusa,Colusa,1868,4075.0,4934.0,5402.0,5971.0,39.214333,-122.009417,20382.0
78,Los Angeles,Commerce,1960,10509.0,12135.0,12568.0,12823.0,34.000569,-118.159792,48035.0
79,Los Angeles,Compton,1888,81347.0,90454.0,93493.0,96455.0,33.89585,-118.220072,361749.0
80,Contra Costa,Concord,1905,103763.0,111348.0,121780.0,122067.0,37.977978,-122.031072,458958.0
81,Kings,Corcoran,1914,6454.0,13364.0,20835.0,24813.0,37.977978,-122.031072,65466.0
82,Tehama,Corning,1907,4745.0,5870.0,6741.0,7663.0,39.927658,-122.179156,25019.0
83,Riverside,Corona,1896,37791.0,76095.0,124966.0,152374.0,33.875294,-117.566439,391226.0
84,San Diego,Coronado,1890,18790.0,26540.0,24100.0,18912.0,32.685886,-117.183089,88342.0
86,Orange,Costa Mesa,1953,82562.0,96357.0,108724.0,109960.0,33.641133,-117.918669,397603.0
87,Sonoma,Cotati,1963,3346.0,5714.0,6471.0,7265.0,38.327778,-122.709167,22796.0
88,Los Angeles,Covina,1901,32746.0,43207.0,46837.0,47796.0,34.090008,-117.890339,170586.0
89,Del Norte,Crescent City,1854,3075.0,4380.0,7347.0,7643.0,41.755947,-124.201747,22445.0
90,Los Angeles,Cudahy,1960,18275.0,22817.0,24208.0,23805.0,33.960569,-118.18535,89105.0
91,Los Angeles,Culver City,1917,38139.0,38793.0,38816.0,38883.0,34.021122,-118.396467,154631.0
92,Santa Clara,Cupertino,1955,34297.0,40263.0,50546.0,58302.0,37.322997,-122.032183,183408.0
93,Orange,Cypress,1956,40738.0,42655.0,46229.0,47802.0,37.320531,-121.962242,177424.0
94,San Mateo,Daly City,1911,78427.0,92311.0,103625.0,101123.0,37.687925,-122.470208,375486.0
97,Yolo,Davis,1917,36640.0,46209.0,60308.0,65622.0,38.544906,-121.740517,208779.0
98,San Diego,Del Mar,1959,5017.0,4860.0,4389.0,4161.0,32.959489,-117.265314,18427.0
99,Monterey,Del Rey Oaks,1953,1557.0,1661.0,1650.0,1624.0,36.593292,-121.834953,6492.0
100,Kern,Delano,1915,16491.0,22762.0,39489.0,53041.0,35.768842,-119.247053,131783.0
101,Riverside,Desert Hot Springs,1963,5941.0,11668.0,16582.0,25938.0,33.961125,-116.501678,60129.0
103,Tulare,Dinuba,1906,9907.0,12743.0,16844.0,21453.0,36.543283,-119.387067,60947.0
104,Solano,Dixon,1878,7541.0,10401.0,16103.0,18351.0,38.445464,-121.823297,52396.0
105,Siskiyou,Dorris,1908,836.0,892.0,886.0,939.0,41.967369,-121.918061,3553.0
106,Merced,Dos Palos,1935,3121.0,4196.0,4581.0,4950.0,36.986058,-120.626572,16848.0
107,Los Angeles,Downey,1956,82602.0,91444.0,107323.0,111772.0,33.940014,-118.132569,393141.0
108,Los Angeles,Duarte,1957,16766.0,20688.0,21486.0,21321.0,34.13945,-117.977286,80261.0
109,Alameda,Dublin,1982,13496.0,23229.0,29973.0,46036.0,37.702153,-121.935792,112734.0
110,Siskiyou,Dunsmuir,1909,2253.0,2129.0,1923.0,1650.0,41.208208,-122.271953,7955.0
112,San Diego,El Cajon,1912,73892.0,88693.0,94869.0,99478.0,32.794772,-116.962528,356932.0
113,Imperial,El Centro,1908,23996.0,31384.0,37835.0,42598.0,32.792,-115.56305,135813.0
114,Contra Costa,El Cerrito,1917,22731.0,22869.0,23171.0,23549.0,37.916133,-122.310764,92320.0
115,Los Angeles,El Monte,1912,79494.0,106209.0,115965.0,113475.0,34.068622,-118.027567,415143.0
116,Los Angeles,El Segundo,1917,13752.0,15223.0,16033.0,16654.0,33.919181,-118.416464,61662.0
117,Alameda,Emeryville,1896,3714.0,5740.0,6882.0,10080.0,37.831317,-122.285247,26416.0
119,San Joaquin,Escalon,1957,3127.0,4437.0,5963.0,7132.0,37.797428,-120.996603,20659.0
120,San Diego,Escondido,1888,64355.0,108635.0,133559.0,143911.0,33.119208,-117.086422,450460.0
121,Siskiyou,Etna,1878,754.0,835.0,781.0,737.0,41.456806,-122.894756,3107.0
122,Humboldt,Eureka,1856,24153.0,27025.0,26128.0,27191.0,40.802072,-124.163672,104497.0
123,Tulare,Exeter,1911,5606.0,7276.0,9168.0,10334.0,36.296061,-119.142053,32384.0
125,Solano,Fairfield,1903,58099.0,77211.0,96178.0,105321.0,38.249358,-122.039967,336809.0
126,Tulare,Farmersville,1960,5544.0,6235.0,8737.0,10588.0,36.297728,-119.206778,31104.0
127,Humboldt,Ferndale,1893,1367.0,1331.0,1382.0,1371.0,40.576242,-124.263944,5451.0
128,Ventura,Fillmore,1914,9602.0,11992.0,13643.0,15002.0,34.399164,-118.918153,50239.0
129,Fresno,Firebaugh,1914,3740.0,4429.0,5743.0,7549.0,36.858839,-120.456008,21461.0
130,Sacramento,Folsom,1946,11003.0,29802.0,51884.0,72203.0,38.677958,-121.176058,164892.0
131,San Bernardino,Fontana,1952,36991.0,87535.0,128929.0,196069.0,34.092233,-117.435047,449524.0
132,Mendocino,Fort Bragg,1889,5019.0,6078.0,6814.0,7273.0,39.445722,-123.805292,25184.0
133,Siskiyou,Fort Jones,1872,544.0,639.0,660.0,839.0,41.663864,-124.252892,2682.0
134,Humboldt,Fortuna,1906,7591.0,8788.0,10497.0,11926.0,40.598186,-124.157275,38802.0
135,San Mateo,Foster City,1971,23287.0,28176.0,28803.0,30567.0,37.558547,-122.271078,110833.0
136,Orange,Fountain Valley,1957,55080.0,53691.0,54978.0,55313.0,33.709186,-117.953669,219062.0
137,Fresno,Fowler,1908,2496.0,3208.0,3979.0,5570.0,36.630506,-119.678469,15253.0
138,Alameda,Fremont,1956,131945.0,173339.0,203413.0,214089.0,37.548269,-121.988572,722786.0
139,Fresno,Fresno,1885,217129.0,354202.0,427652.0,494665.0,36.746842,-119.772586,1493648.0
140,Orange,Fullerton,1904,102246.0,114144.0,126003.0,135161.0,33.870292,-117.925339,477554.0
141,Sacramento,Galt,1946,5514.0,8889.0,19472.0,23647.0,38.254636,-121.299947,57522.0
142,Orange,Garden Grove,1956,123307.0,143050.0,165196.0,170883.0,33.773906,-117.941447,602436.0
143,Los Angeles,Gardena,1930,45165.0,49847.0,57746.0,58829.0,33.88835,-118.308961,211587.0
144,Santa Clara,Gilroy,1870,25769.0,26303.0,41464.0,48821.0,37.005783,-121.568275,142357.0
145,Los Angeles,Glendale,1906,139060.0,180038.0,194973.0,191719.0,34.142508,-118.255075,705790.0
146,Los Angeles,Glendora,1911,38500.0,47828.0,49415.0,50073.0,34.136119,-117.865339,185816.0
147,Monterey,Gonzales,1947,2891.0,4660.0,7564.0,8187.0,36.506628,-121.444381,23302.0
148,San Bernardino,Grand Terrace,1978,8498.0,10946.0,11626.0,12040.0,34.033903,-117.313653,43110.0
149,Nevada,Grass Valley,1893,6697.0,9048.0,10922.0,12860.0,39.219061,-121.061061,39527.0
150,Monterey,Greenfield,1947,4181.0,7464.0,12648.0,16330.0,36.3208,-121.243814,40623.0
151,Butte,Gridley,1905,3982.0,4631.0,5382.0,6584.0,39.363778,-121.693583,20579.0
152,San Luis Obispo,Grover Beach,1959,8827.0,11656.0,13067.0,13156.0,35.121642,-120.621283,46706.0
153,Santa Barbara,Guadalupe,1946,3629.0,5479.0,5659.0,7080.0,34.971644,-120.571836,21847.0
154,Merced,Gustine,1915,3142.0,3931.0,4698.0,5520.0,37.257717,-120.998814,17291.0
155,San Mateo,Half Moon Bay,1959,7282.0,8886.0,11842.0,11324.0,37.463553,-122.428586,39334.0
156,Kings,Hanford,1891,20958.0,30897.0,41686.0,53967.0,36.32745,-119.645683,147508.0
157,Los Angeles,Hawaiian Gardens,1964,10548.0,13639.0,14779.0,14254.0,33.831403,-118.072842,53220.0
158,Los Angeles,Hawthorne,1922,56437.0,71349.0,84112.0,84293.0,33.916403,-118.352575,296191.0
159,Alameda,Hayward,1876,94342.0,111498.0,140030.0,144186.0,37.668819,-122.080797,490056.0
160,Sonoma,Healdsburg,1867,7217.0,9469.0,10722.0,11254.0,38.610467,-122.869161,38662.0
161,Riverside,Hemet,1910,22454.0,36094.0,58812.0,78657.0,33.747519,-116.971967,196017.0
162,Contra Costa,Hercules,1900,5963.0,16829.0,19488.0,24060.0,38.017144,-122.288581,66340.0
163,Los Angeles,Hermosa Beach,1907,18070.0,18219.0,18566.0,19506.0,33.862236,-118.399519,74361.0
165,Los Angeles,Hidden Hills,1961,1760.0,1729.0,1875.0,1856.0,34.160283,-118.652311,7220.0
168,San Benito,Hollister,1872,11488.0,19212.0,34413.0,34928.0,36.852453,-121.401603,100041.0
169,Imperial,Holtville,1908,4399.0,4820.0,5612.0,5939.0,32.811161,-115.380264,20770.0
170,Stanislaus,Hughson,1972,2943.0,3259.0,3980.0,6640.0,37.602725,-120.866481,16822.0
171,Orange,Huntington Beach,1909,170505.0,181519.0,189594.0,189992.0,33.660297,-117.999225,731610.0
172,Los Angeles,Huntington Park,1906,45932.0,56065.0,61348.0,58114.0,33.981681,-118.225072,221459.0
173,Fresno,Huron,1951,2768.0,4766.0,6306.0,6754.0,36.202731,-120.102917,20594.0
174,Imperial,Imperial,1904,3451.0,4113.0,7560.0,14758.0,32.847553,-115.569439,29882.0
175,San Diego,Imperial Beach,1956,22689.0,26512.0,26992.0,26324.0,32.583944,-117.113086,102517.0
176,Riverside,Indian Wells,1967,1394.0,2647.0,3816.0,4958.0,33.717631,-116.340756,12815.0
177,Riverside,Indio,1930,21611.0,36793.0,49116.0,76036.0,33.720578,-116.215561,183556.0
178,Los Angeles,Industry,1957,412.0,631.0,777.0,219.0,34.019733,-117.958675,2039.0
179,Los Angeles,Inglewood,1908,94162.0,109602.0,112580.0,109673.0,33.961681,-118.353131,426017.0
180,Amador,Ione,1953,2207.0,6516.0,7129.0,7918.0,38.352692,-120.932717,23770.0
181,Orange,Irvine,1971,62134.0,110330.0,143072.0,212375.0,33.683947,-117.794694,527911.0
182,Los Angeles,Irwindale,1957,1030.0,1050.0,1446.0,1422.0,34.106953,-117.935342,4948.0
183,Sacramento,Isleton,1923,914.0,833.0,828.0,804.0,38.161861,-121.611622,3379.0
184,Amador,Jackson,1905,2331.0,3545.0,3989.0,4651.0,38.348803,-120.774103,14516.0
185,Fresno,Kerman,1946,4002.0,5448.0,8551.0,13544.0,36.723558,-120.059878,31545.0
186,Monterey,King City,1911,5495.0,7634.0,11204.0,12874.0,36.212744,-121.126028,37207.0
187,Fresno,Kingsburg,1908,5115.0,7205.0,9199.0,11382.0,36.513839,-119.554017,32901.0
188,Los Angeles,La Ca√±ada Flintridge,1976,20153.0,19378.0,20318.0,20246.0,34.206817,-118.200028,80095.0
189,Orange,La Habra,1925,45232.0,51266.0,58974.0,60239.0,33.931958,-117.946172,215711.0
190,Los Angeles,La Habra Heights,1978,4786.0,6226.0,5712.0,5325.0,33.960847,-117.950619,22049.0
191,San Diego,La Mesa,1912,50308.0,52931.0,54749.0,57065.0,32.767828,-117.023083,215053.0
192,Los Angeles,La Mirada,1960,40986.0,40452.0,46783.0,48527.0,33.917236,-118.012008,176748.0
193,Orange,La Palma,1955,15399.0,15392.0,15408.0,15568.0,33.846403,-118.046731,61767.0
194,Los Angeles,La Puente,1956,30882.0,36955.0,41063.0,39816.0,34.020011,-117.949508,148716.0
196,Los Angeles,La Verne,1906,23508.0,30897.0,31638.0,31063.0,34.100842,-117.767836,117106.0
197,Contra Costa,Lafayette,1968,20837.0,23501.0,23908.0,23893.0,37.885758,-122.118019,92139.0
198,Orange,Laguna Beach,1927,17858.0,23170.0,23727.0,22723.0,33.542247,-117.783111,87478.0
200,Riverside,Lake Elsinore,1888,5982.0,18285.0,28928.0,51821.0,33.668078,-117.327261,105016.0
201,Lake,Lakeport,1888,3675.0,4390.0,4820.0,4753.0,39.04295,-122.915828,17638.0
202,Los Angeles,Lakewood,1954,74654.0,73557.0,79345.0,80048.0,33.853628,-118.133956,307604.0
203,Los Angeles,Lancaster,1977,48027.0,97291.0,118718.0,156633.0,34.686786,-118.154164,420669.0
204,Marin,Larkspur,1908,11064.0,11070.0,12014.0,11926.0,37.934092,-122.535253,46074.0
206,Los Angeles,Lawndale,1959,23460.0,27331.0,31711.0,32769.0,33.887236,-118.352575,115271.0
207,San Diego,Lemon Grove,1977,20780.0,23984.0,24918.0,25320.0,32.742553,-117.031417,95002.0
208,Kings,Lemoore,1900,8832.0,13622.0,19712.0,24531.0,36.300783,-119.782911,66697.0
209,Placer,Lincoln,1890,4132.0,7248.0,11205.0,42819.0,38.891564,-121.293008,65404.0
210,Tulare,Lindsay,1910,6936.0,8338.0,10297.0,11768.0,36.203006,-119.088161,37339.0
211,Sutter,Live Oak,1947,3103.0,4320.0,6229.0,8392.0,36.983561,-121.980517,22044.0
212,Alameda,Livermore,1876,48349.0,56741.0,73345.0,80968.0,37.681875,-121.768008,259403.0
213,Merced,Livingston,1922,5326.0,7317.0,10473.0,13058.0,37.386883,-120.723533,36174.0
214,San Joaquin,Lodi,1906,35221.0,51874.0,56999.0,62134.0,38.134147,-121.272219,206228.0
215,San Bernardino,Loma Linda,1970,10694.0,17400.0,18681.0,23261.0,34.048347,-117.261153,70036.0
216,Los Angeles,Lomita,1964,18807.0,19382.0,20046.0,20256.0,33.792239,-118.315072,78491.0
217,Santa Barbara,Lompoc,1888,26267.0,37649.0,41103.0,42434.0,34.63915,-120.457942,147453.0
218,Los Angeles,Long Beach,"i. 1888/ d.1896/ 
ri. 1897",361355.0,429433.0,461522.0,462257.0,33.768322,-118.195617,1714567.0
220,Orange,Los Alamitos,1960,11529.0,11676.0,11536.0,11449.0,33.803072,-118.072564,46190.0
221,Santa Clara,Los Altos,1952,25769.0,26303.0,27693.0,28976.0,33.796331,-118.118119,108741.0
223,Los Angeles,Los Angeles,1850,2968579.0,3485398.0,3694742.0,3792621.0,34.052233,-118.243686,13941340.0
224,Merced,Los Banos,1907,10341.0,14519.0,25869.0,35972.0,37.058278,-120.849914,86701.0
226,Sierra,Loyalton,1901,1030.0,931.0,862.0,769.0,39.676294,-120.241039,3592.0
227,Los Angeles,Lynwood,1921,48409.0,61945.0,69845.0,69772.0,33.930292,-118.211461,249971.0
228,Madera,Madera,1907,21732.0,29281.0,43207.0,61416.0,36.961336,-120.060717,155636.0
230,Los Angeles,Manhattan Beach,1912,31542.0,32063.0,33852.0,35135.0,33.884736,-118.410908,132592.0
231,San Joaquin,Manteca,1918,24925.0,40773.0,49258.0,67096.0,37.797428,-121.216053,182052.0
232,Kern,Maricopa,1911,946.0,1193.0,1111.0,1154.0,35.058858,-119.40095,4404.0
233,Monterey,Marina,1975,20647.0,26436.0,18925.0,19718.0,36.684403,-121.802172,85726.0
234,Contra Costa,Martinez,1876,22582.0,31808.0,35866.0,35824.0,38.019367,-122.134133,126080.0
235,Yuba,Marysville,1851,9898.0,12324.0,12268.0,12072.0,39.145725,-121.591356,46562.0
236,Los Angeles,Maywood,1924,21810.0,27850.0,28083.0,27395.0,33.986681,-118.18535,105138.0
237,Kern,McFarland,1957,5151.0,7005.0,9837.0,12707.0,35.678011,-119.229275,34700.0
238,Fresno,Mendota,1942,5038.0,6821.0,7890.0,11014.0,36.753561,-120.381558,30763.0
239,San Mateo,Menlo Park,1927,26438.0,28040.0,30785.0,32026.0,37.453828,-122.182186,117289.0
240,Merced,Merced,1889,36499.0,56216.0,63893.0,78958.0,37.302164,-120.482967,235566.0
241,Marin,Mill Valley,1900,12967.0,13038.0,13600.0,13903.0,37.906036,-122.544975,53508.0
242,San Mateo,Millbrae,1948,20058.0,20412.0,20718.0,21532.0,37.598547,-122.387194,82720.0
243,Santa Clara,Milpitas,1954,37820.0,50686.0,62698.0,66790.0,37.428272,-121.906625,217994.0
245,Stanislaus,Modesto,1884,106963.0,164730.0,188856.0,201165.0,37.639097,-120.996878,661714.0
246,Los Angeles,Monrovia,1887,30531.0,35761.0,36929.0,36590.0,34.144428,-118.001947,139811.0
247,Siskiyou,Montague,1909,1285.0,1415.0,1456.0,1443.0,41.728197,-122.5278,5599.0
248,San Bernardino,Montclair,1956,22628.0,28434.0,33049.0,36664.0,34.077511,-117.689778,120775.0
249,Santa Clara,Monte Sereno,1957,3434.0,3287.0,3483.0,3341.0,37.236333,-121.992458,13545.0
250,Los Angeles,Montebello,1920,52929.0,59564.0,62150.0,62500.0,34.016506,-118.113753,237143.0
251,Monterey,Monterey,1890,27558.0,31954.0,29696.0,27810.0,36.600239,-121.894675,117018.0
252,Los Angeles,Monterey Park,1916,54338.0,60738.0,60051.0,60269.0,34.062511,-118.122847,235396.0
256,Santa Clara,Morgan Hill,1906,17060.0,23928.0,33556.0,37882.0,37.1305,-121.654389,112426.0
257,San Luis Obispo,Morro Bay,1964,9064.0,9664.0,10350.0,10234.0,35.365808,-120.8499,39312.0
258,Siskiyou,Mount Shasta,1905,2837.0,3460.0,3621.0,3394.0,41.410806,-122.194575,13312.0
259,Santa Clara,Mountain View,1902,58655.0,67460.0,70708.0,74066.0,37.386053,-122.08385,270889.0
260,Napa,Napa,1872,50879.0,61842.0,72585.0,76915.0,38.297539,-122.286864,262221.0
261,San Diego,National City,1887,48772.0,54249.0,54260.0,58582.0,32.678108,-117.099197,215863.0
262,San Bernardino,Needles,1913,4120.0,5191.0,4830.0,4844.0,34.848061,-114.614133,18985.0
263,Nevada,Nevada City,1856,2431.0,2855.0,3001.0,3068.0,39.261561,-121.016058,11355.0
264,Alameda,Newark,1955,32126.0,37861.0,42471.0,42573.0,37.529658,-122.040239,155031.0
265,Stanislaus,Newman,1908,2785.0,4151.0,7093.0,10224.0,37.313828,-121.020761,24253.0
266,Orange,Newport Beach,1906,62556.0,66643.0,70032.0,85186.0,33.618911,-117.928947,284417.0
267,Riverside,Norco,1964,19732.0,23302.0,24157.0,27063.0,33.931125,-117.548661,94254.0
268,Los Angeles,Norwalk,1957,84901.0,94279.0,104323.0,105549.0,33.902236,-118.081733,389052.0
269,Marin,Novato,1960,43916.0,47585.0,47630.0,51904.0,38.107419,-122.569703,191035.0
270,Stanislaus,Oakdale,1906,8474.0,11961.0,15503.0,20675.0,37.766594,-120.847153,56613.0
271,Alameda,Oakland,1852,339337.0,372242.0,399484.0,390724.0,37.804364,-122.271114,1501787.0
272,San Diego,Oceanside,1888,76698.0,128398.0,161029.0,167086.0,33.195869,-117.379483,533211.0
273,Ventura,Ojai,1921,6816.0,7613.0,7862.0,7461.0,34.44805,-119.242889,29752.0
274,San Bernardino,Ontario,1891,88820.0,133179.0,158007.0,163924.0,34.063344,-117.650889,543930.0
275,Orange,Orange,1888,91450.0,110658.0,128868.0,136416.0,33.787794,-117.853111,467392.0
276,Fresno,Orange Cove,1948,4026.0,5604.0,7722.0,9078.0,36.624394,-119.313731,26430.0
278,Glenn,Orland,1909,4031.0,5052.0,6281.0,7291.0,39.747381,-122.196375,22655.0
279,Butte,Oroville,1906,8693.0,11960.0,13004.0,15546.0,39.513775,-121.556358,49203.0
280,Ventura,Oxnard,1903,108195.0,142216.0,170358.0,197899.0,34.197506,-119.177053,618668.0
281,Monterey,Pacific Grove,1889,15755.0,16117.0,15522.0,15041.0,36.617736,-121.916622,62435.0
282,San Mateo,Pacifica,1957,36866.0,37670.0,38390.0,37234.0,37.613825,-122.486919,150160.0
283,Riverside,Palm Desert,1973,11801.0,23252.0,41155.0,48445.0,33.722244,-116.374456,124653.0
284,Riverside,Palm Springs,1938,32359.0,40181.0,42807.0,44552.0,33.830297,-116.545292,159899.0
285,Los Angeles,Palmdale,1962,12277.0,68842.0,116670.0,152750.0,34.579433,-118.116461,350539.0
286,Santa Clara,Palo Alto,1894,55225.0,55900.0,58598.0,64403.0,37.441883,-122.143019,234126.0
287,Los Angeles,Palos Verdes Estates,1939,14376.0,13512.0,13340.0,13438.0,33.800572,-118.390075,54666.0
289,Los Angeles,Paramount,1957,36407.0,47669.0,55266.0,54098.0,33.889461,-118.159792,193440.0
290,Fresno,Parlier,1921,2902.0,7938.0,11145.0,14494.0,36.611617,-119.527072,36479.0
291,Los Angeles,Pasadena,1886,118072.0,131591.0,133936.0,137122.0,34.147786,-118.144517,520721.0
292,San Luis Obispo,Paso Robles,1889,9163.0,18583.0,24297.0,29793.0,35.632278,-120.664186,81836.0
293,Stanislaus,Patterson,1919,3908.0,8626.0,11606.0,20413.0,37.4716,-121.129656,44553.0
294,Riverside,Perris,1911,6827.0,21460.0,36189.0,68386.0,33.782519,-117.228647,132862.0
295,Sonoma,Petaluma,1858,33834.0,43184.0,54548.0,57941.0,38.232417,-122.636653,189507.0
296,Los Angeles,Pico Rivera,1958,53387.0,59177.0,63428.0,62942.0,33.983069,-118.096736,238934.0
297,Alameda,Piedmont,1907,10498.0,10602.0,10952.0,10667.0,37.824372,-122.231636,42719.0
298,Contra Costa,Pinole,1903,14253.0,17460.0,19039.0,18390.0,38.004367,-122.298858,69142.0
299,San Luis Obispo,Pismo Beach,1939,5364.0,7669.0,8551.0,7655.0,35.142753,-120.641283,29239.0
300,Contra Costa,Pittsburg,1903,33465.0,47564.0,56769.0,63264.0,38.027975,-121.884681,201062.0
301,Orange,Placentia,1926,35041.0,41259.0,46488.0,50533.0,33.872236,-117.870336,173321.0
302,El Dorado,Placerville,1854,6739.0,8355.0,9610.0,10389.0,38.729625,-120.798547,35093.0
303,Contra Costa,Pleasant Hill,1961,25547.0,31585.0,32837.0,33152.0,37.947978,-122.060797,123121.0
304,Alameda,Pleasanton,1894,35160.0,50553.0,63654.0,70285.0,37.662431,-121.874678,219652.0
305,Amador,Plymouth,1917,699.0,811.0,980.0,1005.0,38.481853,-120.844658,3495.0
306,Mendocino,Point Arena,1908,425.0,407.0,474.0,449.0,38.908797,-123.693072,1755.0
307,Los Angeles,Pomona,1888,92742.0,131723.0,149473.0,149058.0,34.055228,-117.752306,522996.0
308,Ventura,Port Hueneme,1948,17803.0,20319.0,21845.0,21723.0,34.180728,-119.208158,81690.0
309,Tulare,Porterville,1902,19707.0,29563.0,39615.0,54165.0,36.065231,-119.016767,143050.0
310,Plumas,Portola,1946,1885.0,2193.0,2227.0,2104.0,39.810458,-120.469103,8409.0
313,San Bernardino,Rancho Cucamonga,1977,55250.0,101409.0,127743.0,165269.0,34.1064,-117.593108,449671.0
314,Riverside,Rancho Mirage,1973,6281.0,9778.0,13249.0,17218.0,33.739744,-116.412789,46526.0
315,Los Angeles,Rancho Palos Verdes,1973,36577.0,41659.0,41145.0,41643.0,33.744461,-118.387017,161024.0
316,Tehama,Red Bluff,1876,9490.0,12363.0,13147.0,14076.0,40.178489,-122.235831,49076.0
317,Shasta,Redding,1887,41995.0,66462.0,80865.0,89861.0,40.586539,-122.391675,279183.0
318,San Bernardino,Redlands,1888,43619.0,60394.0,63591.0,68747.0,34.055569,-117.182539,236351.0
319,Los Angeles,Redondo Beach,1892,57102.0,60167.0,63261.0,66748.0,33.849183,-118.388408,247278.0
320,San Mateo,Redwood City,1867,54951.0,66072.0,75402.0,76815.0,37.485214,-122.236356,273240.0
321,Fresno,Reedley,1913,11071.0,15791.0,20756.0,24194.0,36.596339,-119.450403,71812.0
322,San Bernardino,Rialto,1911,37862.0,72388.0,91873.0,99171.0,34.1064,-117.370325,301294.0
323,Contra Costa,Richmond,1905,74676.0,87425.0,99216.0,103701.0,37.935758,-122.34775,365018.0
324,Kern,Ridgecrest,1963,15929.0,27725.0,24927.0,27616.0,35.622456,-117.670897,96197.0
325,Humboldt,Rio Dell,1965,2687.0,3012.0,3174.0,3368.0,40.4993,-124.106436,12241.0
326,Solano,Rio Vista,1894,3142.0,3316.0,4571.0,7360.0,38.15575,-121.691344,18389.0
327,San Joaquin,Ripon,1945,3509.0,7455.0,10146.0,14297.0,37.739453,-121.135414,35407.0
328,Stanislaus,Riverbank,1922,5695.0,8547.0,15826.0,22678.0,37.736039,-120.935489,52746.0
329,Riverside,Riverside,1883,170591.0,226505.0,255166.0,303871.0,33.95335,-117.396156,956133.0
330,Placer,Rocklin,1893,7344.0,19033.0,36330.0,56974.0,38.790733,-121.235783,119681.0
331,Sonoma,Rohnert Park,1962,22965.0,36326.0,42236.0,40971.0,38.339636,-122.701097,142498.0
332,Los Angeles,Rolling Hills,1957,2049.0,1871.0,1871.0,1860.0,33.756961,-118.353961,7651.0
333,Los Angeles,Rolling Hills Estates,1957,7701.0,7789.0,7676.0,8067.0,33.787794,-118.358128,31233.0
334,Los Angeles,Rosemead,1959,42604.0,51638.0,53505.0,53764.0,34.080564,-118.072847,201511.0
335,Placer,Roseville,1909,24347.0,44685.0,79921.0,118788.0,38.752122,-121.288006,267741.0
337,Sacramento,Sacramento,1850,275741.0,369365.0,407018.0,466488.0,38.581572,-121.4944,1518612.0
338,Monterey,Salinas,1874,80479.0,108777.0,142685.0,150441.0,36.677736,-121.6555,482382.0
340,San Bernardino,San Bernardino,1869,118794.0,164164.0,185401.0,209924.0,34.108344,-117.289764,678283.0
341,San Mateo,San Bruno,1914,35417.0,38961.0,40165.0,41114.0,37.630489,-122.411083,155657.0
342,San Mateo,San Carlos,1925,24710.0,26167.0,27718.0,28406.0,37.507158,-122.260522,107001.0
343,Orange,San Clemente,1928,27325.0,41100.0,49936.0,63522.0,33.426972,-117.611992,181883.0
344,San Diego,San Diego,1850,875538.0,1110549.0,1223400.0,1307402.0,32.715328,-117.157256,4516889.0
345,Los Angeles,San Dimas,1960,24014.0,32397.0,34980.0,33371.0,34.106675,-117.806725,124762.0
346,Los Angeles,San Fernando,1911,17731.0,22580.0,23564.0,23645.0,34.281947,-118.438972,87520.0
347,San Francisco,San Francisco,1850,678974.0,723959.0,776733.0,805235.0,37.774931,-122.419417,2984901.0
348,Los Angeles,San Gabriel,1913,30072.0,37120.0,39804.0,39718.0,34.096111,-118.105833,146714.0
349,Riverside,San Jacinto,1888,7098.0,16210.0,23779.0,44199.0,33.783908,-116.958636,91286.0
350,Fresno,San Joaquin,1920,1930.0,2311.0,3270.0,4001.0,36.606617,-120.189044,11512.0
351,Santa Clara,San Jose,1850,629531.0,782248.0,894943.0,945942.0,37.339386,-121.894956,3252664.0
352,San Benito,San Juan Bautista,1869,1276.0,1570.0,1549.0,1862.0,36.845511,-121.537997,6257.0
353,Orange,San Juan Capistrano,1961,18959.0,26183.0,33826.0,34593.0,33.501692,-117.66255,113561.0
354,Alameda,San Leandro,1872,63952.0,68223.0,79452.0,84950.0,37.724931,-122.156078,296577.0
355,San Luis Obispo,San Luis Obispo,1856,34252.0,41958.0,44174.0,45119.0,35.282753,-120.659617,165503.0
356,San Diego,San Marcos,1963,17479.0,38974.0,54977.0,83781.0,33.143372,-117.166144,195211.0
357,Los Angeles,San Marino,1913,13307.0,12959.0,12945.0,13147.0,34.121397,-118.106458,52358.0
358,San Mateo,San Mateo,1894,77640.0,85486.0,92482.0,97207.0,37.562992,-122.325525,352815.0
359,Contra Costa,San Pablo,1948,19750.0,25158.0,30215.0,29139.0,37.962147,-122.345525,104262.0
360,Marin,San Rafael,1874,44700.0,48404.0,56063.0,57713.0,37.973536,-122.531086,206880.0
362,Monterey,Sand City,1960,182.0,192.0,261.0,334.0,36.617183,-121.848286,969.0
363,Fresno,Sanger,1911,12542.0,16839.0,18931.0,24270.0,36.708006,-119.555964,72582.0
364,Orange,Santa Ana,1886,204023.0,293742.0,337977.0,324528.0,33.745572,-117.867833,1160270.0
365,Santa Barbara,Santa Barbara,1850,74414.0,85571.0,89600.0,88410.0,34.420831,-119.698189,337995.0
366,Santa Clara,Santa Clara,1852,87700.0,93613.0,102361.0,116468.0,37.354108,-121.955236,400142.0
368,Santa Cruz,Santa Cruz,1866,41483.0,49040.0,54593.0,59946.0,36.974117,-122.030797,205062.0
369,Los Angeles,Santa Fe Springs,1957,14520.0,15520.0,16413.0,16223.0,33.947236,-118.085344,62676.0
370,Santa Barbara,Santa Maria,1905,39685.0,61284.0,77423.0,99553.0,34.953033,-120.435719,277945.0
371,Los Angeles,Santa Monica,1886,88314.0,86905.0,84084.0,89736.0,34.019453,-118.491192,349039.0
372,Ventura,Santa Paula,1902,20658.0,25062.0,28598.0,29321.0,34.354167,-119.059269,103639.0
373,Sonoma,Santa Rosa,1868,82658.0,113313.0,147595.0,167815.0,38.440467,-122.714431,511381.0
375,Santa Clara,Saratoga,1956,29261.0,28061.0,29843.0,29926.0,37.263833,-122.023014,117091.0
376,Marin,Sausalito,1893,7338.0,7152.0,7330.0,7061.0,37.859094,-122.48525,28881.0
377,Santa Cruz,Scotts Valley,1966,6891.0,8615.0,11385.0,11580.0,37.051061,-122.014683,38471.0
378,Orange,Seal Beach,1915,25975.0,25098.0,24157.0,24168.0,33.741406,-118.104786,99398.0
379,Monterey,Seaside,1954,36567.0,38901.0,33097.0,33025.0,33.819361,-118.366647,141590.0
380,Sonoma,Sebastopol,1902,5595.0,7004.0,7774.0,7379.0,38.402136,-122.823881,27752.0
381,Fresno,Selma,1893,10942.0,14757.0,19444.0,23219.0,36.570783,-119.612075,68362.0
382,Kern,Shafter,1938,7010.0,8409.0,12736.0,16988.0,35.500514,-119.271775,45143.0
383,Los Angeles,Sierra Madre,1907,10837.0,10762.0,10578.0,10917.0,34.161672,-118.052847,43094.0
384,Los Angeles,Signal Hill,1924,5734.0,8371.0,9333.0,11016.0,33.804461,-118.167847,34454.0
385,Ventura,Simi Valley,1969,77500.0,100217.0,111351.0,124237.0,34.269447,-118.781483,413305.0
387,Monterey,Soledad,1921,3091.0,7146.0,23015.0,25738.0,32.991156,-117.271147,58990.0
389,Sonoma,Sonoma,1883,6054.0,8121.0,9128.0,10648.0,38.291858,-122.458036,33951.0
390,Tuolumne,Sonora,1851,3247.0,4153.0,4423.0,4903.0,37.984092,-120.382139,16726.0
391,Los Angeles,South El Monte,1958,16623.0,20850.0,21144.0,20116.0,34.051956,-118.046733,78733.0
392,Los Angeles,South Gate,1923,66784.0,86284.0,96375.0,94396.0,33.954736,-118.212017,343839.0
393,El Dorado,South Lake Tahoe,1965,20681.0,21586.0,23609.0,21403.0,38.939925,-119.977186,87279.0
394,Los Angeles,South Pasadena,1888,22681.0,23936.0,24292.0,25619.0,34.116119,-118.15035,96528.0
395,San Mateo,South San Francisco,1908,49393.0,54312.0,60552.0,63632.0,37.654656,-122.40775,227889.0
396,Napa,St. Helena,1876,4898.0,4990.0,5950.0,5814.0,38.505242,-122.470386,21652.0
397,Orange,Stanton,1911,23723.0,30491.0,37403.0,38186.0,33.802517,-117.993117,129803.0
398,San Joaquin,Stockton,1850,148283.0,210943.0,243771.0,291707.0,37.957703,-121.290781,894704.0
399,Solano,Suisun City,1868,11087.0,22686.0,26118.0,28111.0,38.238247,-122.040244,88002.0
400,Santa Clara,Sunnyvale,1912,106618.0,117229.0,131760.0,140081.0,37.368831,-122.03635,495688.0
401,Lassen,Susanville,1900,6520.0,7279.0,17428.0,17947.0,40.416283,-120.653006,49174.0
402,Amador,Sutter Creek,1913,1705.0,1835.0,2303.0,2501.0,38.392967,-120.802436,8344.0
403,Kern,Taft,1910,5316.0,5902.0,8811.0,9327.0,35.142467,-119.456508,29356.0
404,Kern,Tehachapi,1909,4126.0,5791.0,11125.0,14414.0,35.132189,-118.448975,35456.0
405,Tehama,Tehama,1906,365.0,401.0,432.0,418.0,40.027103,-122.123322,1616.0
407,Los Angeles,Temple City,1960,28972.0,31100.0,33377.0,35558.0,34.107231,-118.057847,129007.0
408,Ventura,Thousand Oaks,1964,77072.0,104352.0,117005.0,126683.0,34.107231,-118.057847,425112.0
410,Los Angeles,Torrance,1921,129881.0,133107.0,137946.0,145438.0,33.83585,-118.340628,546372.0
411,San Joaquin,Tracy,1910,18428.0,33558.0,56929.0,82922.0,37.73965,-121.425222,191837.0
412,Humboldt,Trinidad,1870,379.0,362.0,311.0,367.0,41.059292,-124.143125,1419.0
413,Tulare,Tulare,1888,22530.0,33249.0,43994.0,59278.0,36.207728,-119.347339,159051.0
414,Siskiyou,Tulelake,1937,783.0,1010.0,1020.0,1010.0,41.955989,-121.477492,3823.0
415,Stanislaus,Turlock,1908,26287.0,42198.0,55810.0,68549.0,37.494658,-120.846594,192844.0
416,Orange,Tustin,1927,32256.0,50689.0,67504.0,75540.0,33.74585,-117.826167,225989.0
418,Mendocino,Ukiah,1876,12035.0,14599.0,15497.0,16075.0,39.150172,-123.207783,58206.0
419,Alameda,Union City,1959,39406.0,53762.0,66869.0,69516.0,37.593392,-122.043831,229553.0
420,San Bernardino,Upland,1906,47647.0,63374.0,68393.0,73732.0,34.097511,-117.648389,253146.0
421,Solano,Vacaville,1892,43367.0,71479.0,88625.0,92428.0,38.356578,-121.987744,295899.0
422,Solano,Vallejo,1868,80303.0,109199.0,116760.0,115942.0,38.104086,-122.256636,422204.0
423,Ventura,Ventura,1866,73774.0,92575.0,100916.0,106433.0,34.274639,-119.229006,373698.0
424,Los Angeles,Vernon,1905,90.0,152.0,91.0,112.0,34.003903,-118.230072,445.0
425,San Bernardino,Victorville,1962,14220.0,40674.0,64029.0,115903.0,34.536108,-117.291158,234826.0
426,Orange,Villa Park,1962,7137.0,6299.0,5952.0,5812.0,33.814461,-117.813111,25200.0
427,Tulare,Visalia,1874,49729.0,75636.0,91877.0,124442.0,36.330228,-119.292058,341684.0
428,San Diego,Vista,1963,35834.0,71872.0,89857.0,93834.0,33.200036,-117.242536,291397.0
429,Los Angeles,Walnut,1959,12478.0,29105.0,30004.0,29172.0,34.020289,-117.865339,100759.0
430,Contra Costa,Walnut Creek,1914,53490.0,60569.0,64296.0,64173.0,37.910078,-122.065183,242528.0
431,Kern,Wasco,1945,9613.0,12412.0,21263.0,25545.0,35.594125,-119.340947,68833.0
432,Stanislaus,Waterford,1969,2683.0,4771.0,6924.0,8456.0,37.641319,-120.760483,22834.0
433,Santa Cruz,Watsonville,1868,23662.0,31099.0,44265.0,51199.0,36.910231,-121.756894,150225.0
434,Siskiyou,Weed,1961,2879.0,3062.0,2978.0,2967.0,41.42265,-122.386128,11886.0
435,Los Angeles,West Covina,1923,81292.0,96086.0,105080.0,106098.0,34.068622,-117.938953,388556.0
439,Orange,Westminster,1957,71133.0,78118.0,88207.0,89701.0,33.751342,-117.993992,327159.0
440,Imperial,Westmorland,1934,1590.0,1380.0,2131.0,2225.0,33.037267,-115.621383,7326.0
441,Yuba,Wheatland,1874,1474.0,1631.0,2275.0,3456.0,39.009894,-121.423014,8836.0
442,Los Angeles,Whittier,1898,68558.0,77671.0,83680.0,85331.0,33.979178,-118.032844,315240.0
443,Colusa,Williams,1920,1658.0,2297.0,3670.0,5123.0,39.154614,-122.149419,12748.0
444,Mendocino,Willits,1888,4008.0,5027.0,5073.0,4888.0,39.409608,-123.355567,18996.0
445,Glenn,Willows,1886,4777.0,5988.0,6220.0,6166.0,39.524325,-122.193592,23151.0
446,Yolo,Winters,1898,2652.0,4639.0,6125.0,6624.0,38.524906,-121.970803,20040.0
447,Tulare,Woodlake,1941,4343.0,5678.0,6651.0,7279.0,36.413561,-119.098717,23951.0
448,Yolo,Woodland,1871,30235.0,39802.0,49151.0,55468.0,38.678517,-121.773297,174656.0
450,Orange,Yorba Linda,1967,28254.0,52422.0,58918.0,64234.0,33.888625,-117.813111,203828.0
452,Siskiyou,Yreka,1857,5916.0,6948.0,7290.0,7765.0,41.735419,-122.634472,27919.0
453,Sutter,Yuba City,1908,18736.0,27437.0,36758.0,64925.0,39.140447,-121.616911,147856.0
